Time.[FiscalWeekKey],Time.[Fiscal Week],Time.[FiscalMonthKey],Time.[Fiscal Month],Time.[FiscalQuarterKey],Time.[Fiscal Quarter],Time.[FiscalYearKey],Time.[Fiscal Year]
2017-01-01,W0-2017,2017-01-01,M1-2017,2017-01-01,Q1-2017,2017-01-01,Y2017
2017-01-08,W1-2017,2017-01-01,M1-2017,2017-01-01,Q1-2017,2017-01-01,Y2017
2017-01-15,W2-2017,2017-01-01,M1-2017,2017-01-01,Q1-2017,2017-01-01,Y2017
2017-01-22,W3-2017,2017-01-01,M1-2017,2017-01-01,Q1-2017,2017-01-01,Y2017
2017-01-29,W4-2017,2017-01-01,M1-2017,2017-01-01,Q1-2017,2017-01-01,Y2017
2017-02-05,W5-2017,2017-02-01,M2-2017,2017-01-01,Q1-2017,2017-01-01,Y2017
2017-02-12,W6-2017,2017-02-01,M2-2017,2017-01-01,Q1-2017,2017-01-01,Y2017
2017-02-19,W7-2017,2017-02-01,M2-2017,2017-01-01,Q1-2017,2017-01-01,Y2017
2017-02-26,W8-2017,2017-02-01,M2-2017,2017-01-01,Q1-2017,2017-01-01,Y2017
2017-03-05,W9-2017,2017-03-01,M3-2017,2017-01-01,Q1-2017,2017-01-01,Y2017
2017-03-12,W10-2017,2017-03-01,M3-2017,2017-01-01,Q1-2017,2017-01-01,Y2017
2017-03-19,W11-2017,2017-03-01,M3-2017,2017-01-01,Q1-2017,2017-01-01,Y2017
2017-03-26,W12-2017,2017-03-01,M3-2017,2017-01-01,Q1-2017,2017-01-01,Y2017
2017-04-02,W13-2017,2017-04-01,M4-2017,2017-02-01,Q2-2017,2017-01-01,Y2017
2017-04-09,W14-2017,2017-04-01,M4-2017,2017-02-01,Q2-2017,2017-01-01,Y2017
2017-04-16,W15-2017,2017-04-01,M4-2017,2017-02-01,Q2-2017,2017-01-01,Y2017
2017-04-23,W16-2017,2017-04-01,M4-2017,2017-02-01,Q2-2017,2017-01-01,Y2017
2017-04-30,W17-2017,2017-04-01,M4-2017,2017-02-01,Q2-2017,2017-01-01,Y2017
2017-05-07,W18-2017,2017-05-01,M5-2017,2017-02-01,Q2-2017,2017-01-01,Y2017
2017-05-14,W19-2017,2017-05-01,M5-2017,2017-02-01,Q2-2017,2017-01-01,Y2017
2017-05-21,W20-2017,2017-05-01,M5-2017,2017-02-01,Q2-2017,2017-01-01,Y2017
2017-05-28,W21-2017,2017-05-01,M5-2017,2017-02-01,Q2-2017,2017-01-01,Y2017
2017-06-04,W22-2017,2017-06-01,M6-2017,2017-02-01,Q2-2017,2017-01-01,Y2017
2017-06-11,W23-2017,2017-06-01,M6-2017,2017-02-01,Q2-2017,2017-01-01,Y2017
2017-06-18,W24-2017,2017-06-01,M6-2017,2017-02-01,Q2-2017,2017-01-01,Y2017
2017-06-25,W25-2017,2017-06-01,M6-2017,2017-02-01,Q2-2017,2017-01-01,Y2017
2017-07-02,W26-2017,2017-07-01,M7-2017,2017-02-01,Q2-2017,2017-01-01,Y2017
2017-07-09,W27-2017,2017-07-01,M7-2017,2017-02-01,Q2-2017,2017-01-01,Y2017
2017-07-16,W28-2017,2017-07-01,M7-2017,2017-02-01,Q2-2017,2017-01-01,Y2017
2017-07-23,W29-2017,2017-07-01,M7-2017,2017-02-01,Q2-2017,2017-01-01,Y2017
2017-07-30,W30-2017,2017-07-01,M7-2017,2017-02-01,Q2-2017,2017-01-01,Y2017
2017-08-06,W31-2017,2017-08-01,M8-2017,2017-03-01,Q3-2017,2017-01-01,Y2017
2017-08-13,W32-2017,2017-08-01,M8-2017,2017-03-01,Q3-2017,2017-01-01,Y2017
2017-08-20,W33-2017,2017-08-01,M8-2017,2017-03-01,Q3-2017,2017-01-01,Y2017
2017-08-27,W34-2017,2017-08-01,M8-2017,2017-03-01,Q3-2017,2017-01-01,Y2017
2017-09-03,W35-2017,2017-09-01,M9-2017,2017-03-01,Q3-2017,2017-01-01,Y2017
2017-09-10,W36-2017,2017-09-01,M9-2017,2017-03-01,Q3-2017,2017-01-01,Y2017
2017-09-17,W37-2017,2017-09-01,M9-2017,2017-03-01,Q3-2017,2017-01-01,Y2017
2017-09-24,W38-2017,2017-09-01,M9-2017,2017-03-01,Q3-2017,2017-01-01,Y2017
2017-10-01,W39-2017,2017-10-01,M10-2017,2017-03-01,Q3-2017,2017-01-01,Y2017
2017-10-08,W40-2017,2017-10-01,M10-2017,2017-03-01,Q3-2017,2017-01-01,Y2017
2017-10-15,W41-2017,2017-10-01,M10-2017,2017-03-01,Q3-2017,2017-01-01,Y2017
2017-10-22,W42-2017,2017-10-01,M10-2017,2017-03-01,Q3-2017,2017-01-01,Y2017
2017-10-29,W43-2017,2017-10-01,M10-2017,2017-03-01,Q3-2017,2017-01-01,Y2017
2017-11-05,W44-2017,2017-11-01,M11-2017,2017-03-01,Q3-2017,2017-01-01,Y2017
2017-11-12,W45-2017,2017-11-01,M11-2017,2017-03-01,Q3-2017,2017-01-01,Y2017
2017-11-19,W46-2017,2017-11-01,M11-2017,2017-03-01,Q3-2017,2017-01-01,Y2017
2017-11-26,W47-2017,2017-11-01,M11-2017,2017-03-01,Q3-2017,2017-01-01,Y2017
2017-12-03,W48-2017,2017-12-01,M12-2017,2017-04-01,Q4-2017,2017-01-01,Y2017
2017-12-10,W49-2017,2017-12-01,M12-2017,2017-04-01,Q4-2017,2017-01-01,Y2017
2017-12-17,W50-2017,2017-12-01,M12-2017,2017-04-01,Q4-2017,2017-01-01,Y2017
2017-12-24,W51-2017,2017-12-01,M12-2017,2017-04-01,Q4-2017,2017-01-01,Y2017
2017-12-31,W52-2017,2017-12-01,M12-2017,2017-04-01,Q4-2017,2017-01-01,Y2017
2018-01-07,W1-2018,2018-01-01,M1-2018,2018-01-01,Q1-2018,2018-01-01,Y2018
2018-01-14,W2-2018,2018-01-01,M1-2018,2018-01-01,Q1-2018,2018-01-01,Y2018
2018-01-21,W3-2018,2018-01-01,M1-2018,2018-01-01,Q1-2018,2018-01-01,Y2018
2018-01-28,W4-2018,2018-01-01,M1-2018,2018-01-01,Q1-2018,2018-01-01,Y2018
2018-02-04,W5-2018,2018-02-01,M2-2018,2018-01-01,Q1-2018,2018-01-01,Y2018
2018-02-11,W6-2018,2018-02-01,M2-2018,2018-01-01,Q1-2018,2018-01-01,Y2018
2018-02-18,W7-2018,2018-02-01,M2-2018,2018-01-01,Q1-2018,2018-01-01,Y2018
2018-02-25,W8-2018,2018-02-01,M2-2018,2018-01-01,Q1-2018,2018-01-01,Y2018
2018-03-04,W9-2018,2018-03-01,M3-2018,2018-01-01,Q1-2018,2018-01-01,Y2018
2018-03-11,W10-2018,2018-03-01,M3-2018,2018-01-01,Q1-2018,2018-01-01,Y2018
2018-03-18,W11-2018,2018-03-01,M3-2018,2018-01-01,Q1-2018,2018-01-01,Y2018
2018-03-25,W12-2018,2018-03-01,M3-2018,2018-01-01,Q1-2018,2018-01-01,Y2018
2018-04-01,W13-2018,2018-04-01,M4-2018,2018-02-01,Q2-2018,2018-01-01,Y2018
2018-04-08,W14-2018,2018-04-01,M4-2018,2018-02-01,Q2-2018,2018-01-01,Y2018
2018-04-15,W15-2018,2018-04-01,M4-2018,2018-02-01,Q2-2018,2018-01-01,Y2018
2018-04-22,W16-2018,2018-04-01,M4-2018,2018-02-01,Q2-2018,2018-01-01,Y2018
2018-04-29,W17-2018,2018-04-01,M4-2018,2018-02-01,Q2-2018,2018-01-01,Y2018
2018-05-06,W18-2018,2018-05-01,M5-2018,2018-02-01,Q2-2018,2018-01-01,Y2018
2018-05-13,W19-2018,2018-05-01,M5-2018,2018-02-01,Q2-2018,2018-01-01,Y2018
2018-05-20,W20-2018,2018-05-01,M5-2018,2018-02-01,Q2-2018,2018-01-01,Y2018
2018-05-27,W21-2018,2018-05-01,M5-2018,2018-02-01,Q2-2018,2018-01-01,Y2018
2018-06-03,W22-2018,2018-06-01,M6-2018,2018-02-01,Q2-2018,2018-01-01,Y2018
2018-06-10,W23-2018,2018-06-01,M6-2018,2018-02-01,Q2-2018,2018-01-01,Y2018
2018-06-17,W24-2018,2018-06-01,M6-2018,2018-02-01,Q2-2018,2018-01-01,Y2018
2018-06-24,W25-2018,2018-06-01,M6-2018,2018-02-01,Q2-2018,2018-01-01,Y2018
